{"kp_mean": 2.3514230439993153, "kp_std": 1.3979972065905717, "bz_mean": 0.6416212697776889, "bz_std": 3.1977779351255076, "wind_mean": 530.9012441362431, "wind_std": 97.14914159847514, "trained_at": "2026-03-18T01:38:53.252771", "version": "1.0"}